{"test_r2": 0.7612861491189973, "val_r2": 0.7561027972245664}