{"test_r2": 0.7477683715298145, "val_r2": 0.5591802555844866}