{"test_r2": 0.6626927852630615, "val_r2": 0.5031160116195679}