{"test_r2": 0.8081742525100708, "val_r2": 0.8146883249282837}