{"name": "AMIE_PSEAE_Wrenbeck_2017_svr_BLOSUM50", "test_r2": 0.4573835275487912, "corr_coef": 0.7236508578866298}