{"name": "AMIE_PSEAE_Wrenbeck_2017_svr_esm2", "test_r2": 0.5100717399949745, "corr_coef": 0.7171180300844302}