{"name": "AMIE_PSEAE_Wrenbeck_2017_svr_VAE_BLOSUM50", "test_r2": 0.12808534749901146, "corr_coef": 0.36731829391251164}