{"name": "AMIE_PSEAE_Wrenbeck_2017_svr_VAE_OHE", "test_r2": 0.16184519635023564, "corr_coef": 0.45218454894530813}