{"name": "AMIE_PSEAE_Wrenbeck_2017_svr_OHE", "test_r2": 0.32982639245475887, "corr_coef": 0.6484253229857411}