{"name": "AMIE_PSEAE_Wrenbeck_2017_svr_VAE_BLOSUM62", "test_r2": 0.13224291541243183, "corr_coef": 0.37745812229598635}