{"name": "AMIE_PSEAE_Wrenbeck_2017_svr_esm1v", "test_r2": 0.5042984025584831, "corr_coef": 0.7199243436248728}