{"name": "AMIE_PSEAE_Wrenbeck_2017_svr_BLOSUM62", "test_r2": 0.4541091752065347, "corr_coef": 0.7097910651748969}