{"name": "CCDB_ECOLI_Tripathi_2016_svr_BLOSUM50", "test_r2": 0.5851952310056121, "corr_coef": 0.7803224940131736}