{"name": "CCDB_ECOLI_Tripathi_2016_svr_VAE_BLOSUM62", "test_r2": 0.19470496778045265, "corr_coef": 0.44714736579700864}