{"name": "CCDB_ECOLI_Tripathi_2016_svr_esm2", "test_r2": 0.660215355580582, "corr_coef": 0.8150318568673941}