{"name": "CCDB_ECOLI_Tripathi_2016_svr_esm1v", "test_r2": 0.7078368985489487, "corr_coef": 0.8426989808624147}