{"name": "CCDB_ECOLI_Tripathi_2016_svr_VAE_OHE", "test_r2": 0.1131381227561925, "corr_coef": 0.35506808412528484}