{"name": "CCDB_ECOLI_Tripathi_2016_svr_VAE_BLOSUM50", "test_r2": 0.10404671091723772, "corr_coef": 0.3287892992249357}