{"name": "CCDB_ECOLI_Tripathi_2016_svr_regressor", "test_r2": 0.33623914204663685, "corr_coef": 0.6173800427706564}