{"name": "CCDB_ECOLI_Tripathi_2016_svr_BLOSUM62", "test_r2": 0.5574890387315394, "corr_coef": 0.7687227492944593}