{"name": "CP2C9_HUMAN_Amorosi_abundance_2021_svr_VAE_BLOSUM62", "test_r2": 0.04104423109894639, "corr_coef": 0.24093807845704762}