{"name": "CP2C9_HUMAN_Amorosi_abundance_2021_svr_BLOSUM50", "test_r2": 0.5871906868595471, "corr_coef": 0.7755846125861469}