{"name": "CP2C9_HUMAN_Amorosi_activity_2021_svr_VAE_BLOSUM62", "test_r2": 0.09761804867727542, "corr_coef": 0.3382220156036777}