{"name": "CP2C9_HUMAN_Amorosi_abundance_2021_svr_VAE_BLOSUM50", "test_r2": 0.06394705518540955, "corr_coef": 0.2692682873763568}