{"name": "CP2C9_HUMAN_Amorosi_abundance_2021_svr_esm1v", "test_r2": 0.5804317686161442, "corr_coef": 0.7654044873944497}