{"name": "CP2C9_HUMAN_Amorosi_abundance_2021_svr_esm2", "test_r2": 0.6441893228504281, "corr_coef": 0.8038236524392368}