{"name": "CP2C9_HUMAN_Amorosi_abundance_2021_svr_VAE_OHE", "test_r2": 0.17796944783727275, "corr_coef": 0.48628189225454227}