{"name": "CP2C9_HUMAN_Amorosi_activity_2021_svr_BLOSUM62", "test_r2": 0.6480564051249151, "corr_coef": 0.807426440958159}