{"name": "CP2C9_HUMAN_Amorosi_abundance_2021_svr_BLOSUM62", "test_r2": 0.602622189855289, "corr_coef": 0.7858813617390166}