{"name": "CP2C9_HUMAN_Amorosi_activity_2021_svr_esm2", "test_r2": 0.6193427122200406, "corr_coef": 0.7879891555682388}