{"name": "CP2C9_HUMAN_Amorosi_abundance_2021_svr_regressor", "test_r2": 0.40620112786323703, "corr_coef": 0.6545524754864918}