{"name": "CP2C9_HUMAN_Amorosi_activity_2021_svr_VAE_OHE", "test_r2": 0.27445089502399256, "corr_coef": 0.5648730742879027}