{"name": "CP2C9_HUMAN_Amorosi_activity_2021_svr_VAE_BLOSUM50", "test_r2": 0.04760910094815951, "corr_coef": 0.24428418707399685}