{"name": "CP2C9_HUMAN_Amorosi_activity_2021_svr_esm1v", "test_r2": 0.5497409037425929, "corr_coef": 0.7471096611188375}