{"name": "CP2C9_HUMAN_Amorosi_activity_2021_svr_BLOSUM50", "test_r2": 0.6587133654846298, "corr_coef": 0.8157922664772814}