{"name": "CP2C9_HUMAN_Amorosi_activity_2021_svr_OHE", "test_r2": 0.49690730398740957, "corr_coef": 0.7169617565457436}