{"name": "MSH2_HUMAN_Jia_2020_svr_esm2", "test_r2": 0.4357764994580935, "corr_coef": 0.6636114337007138}