{"name": "MSH2_HUMAN_Jia_2020_svr_BLOSUM62", "test_r2": 0.5263864203957314, "corr_coef": 0.7271863734630553}