{"name": "MSH2_HUMAN_Jia_2020_svr_VAE_BLOSUM50", "test_r2": -0.0169933444713124, "corr_coef": 0.14298500415376056}