{"name": "MSH2_HUMAN_Jia_2020_svr_VAE_BLOSUM62", "test_r2": -0.018564574172591053, "corr_coef": 0.10489166522236203}