{"name": "MSH2_HUMAN_Jia_2020_svr_BLOSUM50", "test_r2": 0.5415882559389897, "corr_coef": 0.7383971459492802}