{"name": "MSH2_HUMAN_Jia_2020_svr_VAE_OHE", "test_r2": -0.002794257609747941, "corr_coef": 0.16927942485099934}