{"name": "MSH2_HUMAN_Jia_2020_svr_esm1v", "test_r2": 0.37381515879951643, "corr_coef": 0.6199601904620159}