{"name": "MSH2_HUMAN_Jia_2020_svr_regressor", "test_r2": 0.3912152818039386, "corr_coef": 0.6356130597150577}