{"name": "PTEN_HUMAN_Mighell_2018_svr_BLOSUM62", "test_r2": 0.5106665579335148, "corr_coef": 0.7341321703465569}