{"name": "PTEN_HUMAN_Mighell_2018_svr_esm2", "test_r2": 0.5061474395533248, "corr_coef": 0.7123860326815229}