{"name": "PTEN_HUMAN_Mighell_2018_svr_VAE_BLOSUM62", "test_r2": 0.07341482266612165, "corr_coef": 0.2751528580017148}