{"name": "PTEN_HUMAN_Mighell_2018_svr_VAE_BLOSUM50", "test_r2": 0.11070963277004742, "corr_coef": 0.33462093655470165}