{"name": "PTEN_HUMAN_Mighell_2018_svr_OHE", "test_r2": 0.3333078518161734, "corr_coef": 0.6068305841094787}