{"name": "PTEN_HUMAN_Mighell_2018_svr_BLOSUM50", "test_r2": 0.5197371555391403, "corr_coef": 0.7407355286070824}