{"name": "PTEN_HUMAN_Mighell_2018_svr_VAE_OHE", "test_r2": 0.2562110315033975, "corr_coef": 0.5179872915607853}