{"name": "PTEN_HUMAN_Mighell_2018_svr_esm1v", "test_r2": 0.47066417173773945, "corr_coef": 0.6884007248629361}