{"name": "Q59976_STRSQ_Romero_2015_svr_VAE_BLOSUM62", "test_r2": 0.07023265088212438, "corr_coef": 0.2722244394894227}