{"name": "Q59976_STRSQ_Romero_2015_svr_esm2", "test_r2": 0.41825865723471256, "corr_coef": 0.6528879453630628}