{"name": "Q59976_STRSQ_Romero_2015_svr_VAE_BLOSUM50", "test_r2": 0.059103024484032374, "corr_coef": 0.24640041587720152}