{"name": "Q59976_STRSQ_Romero_2015_svr_BLOSUM50", "test_r2": 0.14900901403326017, "corr_coef": 0.41608760195600686}