{"name": "Q59976_STRSQ_Romero_2015_svr_BLOSUM62", "test_r2": 0.1603063009478104, "corr_coef": 0.43271431219387935}