{"name": "Q59976_STRSQ_Romero_2015_svr_OHE", "test_r2": 0.21863647106726125, "corr_coef": 0.5577190802402066}