{"name": "Q59976_STRSQ_Romero_2015_svr_VAE_OHE", "test_r2": 0.03039217467716815, "corr_coef": 0.1899966619962985}