{"name": "Q59976_STRSQ_Romero_2015_svr_esm1v", "test_r2": 0.3418794083448432, "corr_coef": 0.591336196725233}