{"name": "RL401_YEAST_Roscoe_2014_svr_esm1v", "test_r2": 0.6186149773512907, "corr_coef": 0.7940826587592045}