{"name": "RL401_YEAST_Roscoe_2014_svr_esm2", "test_r2": 0.5829877102148708, "corr_coef": 0.7692811652598431}