{"name": "RL401_YEAST_Roscoe_2014_svr_VAE_BLOSUM62", "test_r2": 0.17371254515643375, "corr_coef": 0.4312284188829169}