{"name": "RL401_YEAST_Roscoe_2014_svr_regressor", "test_r2": 0.23903554698350737, "corr_coef": 0.6321501720091209}