{"name": "RL401_YEAST_Roscoe_2014_svr_BLOSUM50", "test_r2": 0.4880827475443542, "corr_coef": 0.7987152516995022}