{"name": "RL401_YEAST_Roscoe_2014_svr_BLOSUM62", "test_r2": 0.4709675334383686, "corr_coef": 0.798872570261044}