{"name": "RL401_YEAST_Roscoe_2014_svr_VAE_OHE", "test_r2": 0.28054797204708526, "corr_coef": 0.6296678751906969}