{"name": "RL401_YEAST_Roscoe_2014_svr_VAE_BLOSUM50", "test_r2": 0.17448512987251996, "corr_coef": 0.4469756225880342}