{"name": "SRC_HUMAN_Ahler_CD_2019_svr_regressor", "test_r2": 0.4010413155902641, "corr_coef": 0.6835476081015158}