{"name": "SRC_HUMAN_Ahler_CD_2019_svr_BLOSUM62", "test_r2": 0.4229477226766192, "corr_coef": 0.6891201207320556}