{"name": "SRC_HUMAN_Ahler_CD_2019_svr_esm2", "test_r2": 0.5110158772455213, "corr_coef": 0.7258466107236089}