{"name": "SRC_HUMAN_Ahler_CD_2019_svr_VAE_BLOSUM62", "test_r2": 0.09284912436323733, "corr_coef": 0.32478629031817097}