{"name": "SRC_HUMAN_Ahler_CD_2019_svr_BLOSUM50", "test_r2": 0.46542190811695616, "corr_coef": 0.7161284369683901}