{"name": "SRC_HUMAN_Ahler_CD_2019_svr_VAE_OHE", "test_r2": 0.40480263263092187, "corr_coef": 0.6792166679473444}