{"name": "SRC_HUMAN_Ahler_CD_2019_svr_VAE_BLOSUM50", "test_r2": 0.08088076949382828, "corr_coef": 0.29177570979996126}