{"name": "SRC_HUMAN_Ahler_CD_2019_svr_esm1v", "test_r2": 0.5182049022139451, "corr_coef": 0.73662475969701}