{"test_r2": 0.03587302599140296, "val_r2": 0.030320712442258868}