{"test_r2": 0.3843050467668425, "val_r2": 0.2670056355903767}