{"test_r2": 0.3183613187047364, "val_r2": 0.31540671155177813}